{"stats":{"minecraft:custom":{"minecraft:interact_with_furnace":4,"minecraft:mob_kills":28,"minecraft:traded_with_villager":2,"minecraft:interact_with_crafting_table":14,"minecraft:open_barrel":6,"minecraft:leave_game":2,"minecraft:time_since_death":2796,"minecraft:climb_one_cm":243,"minecraft:time_since_rest":2851,"minecraft:sprint_one_cm":143388,"minecraft:damage_taken":1431,"minecraft:walk_one_cm":93933,"minecraft:drop":7,"minecraft:damage_dealt":2909,"minecraft:swim_one_cm":23448,"minecraft:talked_to_villager":5,"minecraft:fly_one_cm":65891,"minecraft:crouch_one_cm":2635,"minecraft:play_time":73193,"minecraft:deaths":2,"minecraft:sneak_time":1359,"minecraft:walk_under_water_one_cm":8626,"minecraft:jump":503,"minecraft:walk_on_water_one_cm":8006,"minecraft:total_world_time":73193,"minecraft:fish_caught":12,"minecraft:fall_one_cm":12364},"minecraft:mined":{"minecraft:crafting_table":6,"minecraft:torch":3,"gravestone:gravestone":1,"minecraft:grass_block":11,"minecraft:spruce_leaves":4,"minecraft:sugar_cane":4,"minecraft:wall_torch":1,"minecraft:furnace":1,"minecraft:birch_log":35,"minecraft:birch_leaves":6,"minecraft:grass":5,"minecraft:coal_ore":22,"minecraft:dirt":37,"minecraft:stone":52},"minecraft:killed":{"minecraft:pig":4,"alexsmobs:seal":4,"minecraft:spider":1,"minecraft:sheep":3,"minecraft:zombie":4,"minecraft:chicken":4,"minecraft:cow":7},"minecraft:crafted":{"sophisticatedbackpacks:backpack":1,"minecraft:emerald":2,"minecraft:crafting_table":1,"minecraft:wooden_pickaxe":1,"minecraft:birch_boat":1,"minecraft:furnace":1,"minecraft:leather_helmet":1,"minecraft:birch_planks":76,"minecraft:stone_axe":1,"minecraft:cooked_mutton":5,"minecraft:shield":1,"minecraft:stick":12,"minecraft:iron_pickaxe":1,"minecraft:stone_pickaxe":1,"minecraft:stone_sword":1,"minecraft:chest":1,"minecraft:torch":4},"minecraft:dropped":{"minecraft:kelp":3,"minecraft:rotten_flesh":2,"minecraft:shield":1,"gravestone:obituary":1,"minecraft:wooden_pickaxe":1},"minecraft:killed_by":{"minecraft:skeleton":1,"minecraft:creeper":1},"minecraft:picked_up":{"minecraft:birch_log":35,"minecraft:crafting_table":6,"minecraft:feather":8,"minecraft:chicken":4,"minecraft:salmon":6,"minecraft:leather":10,"minecraft:shield":1,"minecraft:string":2,"minecraft:dirt":47,"minecraft:pufferfish":3,"minecraft:bone":1,"minecraft:kelp":3,"minecraft:bow":1,"minecraft:wheat_seeds":1,"minecraft:beef":12,"minecraft:light_gray_wool":1,"minecraft:sugar_cane":12,"minecraft:birch_sapling":4,"minecraft:furnace":1,"minecraft:torch":4,"minecraft:porkchop":10,"minecraft:arrow":2,"minecraft:rotten_flesh":3,"minecraft:gray_wool":2,"minecraft:cod":3,"minecraft:mutton":5,"minecraft:coal":22,"minecraft:cobblestone":50},"minecraft:used":{"minecraft:cooked_mutton":3,"minecraft:stone_sword":47,"minecraft:birch_planks":37,"minecraft:stone_pickaxe":61,"minecraft:wooden_pickaxe":14,"minecraft:birch_boat":1,"minecraft:torch":7,"minecraft:dirt":35,"minecraft:crafting_table":7,"minecraft:cod":6,"minecraft:birch_sapling":4,"minecraft:leather_helmet":1,"minecraft:stone_axe":52,"minecraft:fishing_rod":21,"minecraft:bow":2,"minecraft:beef":11,"minecraft:furnace":1,"minecraft:porkchop":10,"alexsmobs:animal_dictionary":1}},"DataVersion":3465}