{"stats":{"minecraft:dropped":{"minecraft:kelp":3},"minecraft:crafted":{"minecraft:emerald":2,"minecraft:crafting_table":1,"minecraft:stick":12,"minecraft:birch_boat":1,"minecraft:wooden_pickaxe":1,"minecraft:stone_pickaxe":1,"minecraft:stone_sword":1,"minecraft:torch":4,"minecraft:birch_planks":68,"minecraft:stone_axe":1},"minecraft:picked_up":{"minecraft:birch_log":33,"minecraft:crafting_table":4,"minecraft:feather":8,"minecraft:chicken":4,"minecraft:salmon":1,"minecraft:leather":10,"minecraft:torch":3,"minecraft:porkchop":10,"minecraft:dirt":43,"minecraft:bone":1,"minecraft:arrow":2,"minecraft:kelp":3,"minecraft:bow":1,"minecraft:wheat_seeds":1,"minecraft:beef":12,"minecraft:gray_wool":2,"minecraft:light_gray_wool":1,"minecraft:sugar_cane":12,"minecraft:birch_sapling":4,"minecraft:mutton":5,"minecraft:coal":22,"minecraft:cobblestone":50},"minecraft:custom":{"minecraft:time_since_rest":54565,"minecraft:sprint_one_cm":138815,"minecraft:damage_taken":329,"minecraft:walk_one_cm":73382,"minecraft:mob_kills":24,"minecraft:drop":3,"minecraft:damage_dealt":2105,"minecraft:traded_with_villager":2,"minecraft:talked_to_villager":5,"minecraft:swim_one_cm":23448,"minecraft:interact_with_crafting_table":7,"minecraft:fly_one_cm":61568,"minecraft:open_barrel":6,"minecraft:crouch_one_cm":2596,"minecraft:play_time":54565,"minecraft:sneak_time":1299,"minecraft:walk_under_water_one_cm":7992,"minecraft:jump":433,"minecraft:leave_game":1,"minecraft:time_since_death":54565,"minecraft:walk_on_water_one_cm":7790,"minecraft:climb_one_cm":243,"minecraft:total_world_time":54565,"minecraft:fish_caught":1,"minecraft:fall_one_cm":10307},"minecraft:used":{"minecraft:stone_sword":31,"minecraft:birch_planks":37,"minecraft:stone_pickaxe":60,"minecraft:birch_sapling":4,"minecraft:wooden_pickaxe":14,"minecraft:birch_boat":1,"minecraft:stone_axe":50,"minecraft:torch":5,"minecraft:fishing_rod":5,"minecraft:dirt":35,"minecraft:beef":11,"minecraft:bow":2,"minecraft:crafting_table":5,"minecraft:porkchop":10,"alexsmobs:animal_dictionary":1},"minecraft:killed":{"minecraft:sheep":3,"minecraft:zombie":1,"minecraft:pig":4,"minecraft:chicken":4,"alexsmobs:seal":4,"minecraft:cow":7},"minecraft:mined":{"minecraft:birch_log":33,"minecraft:birch_leaves":5,"minecraft:crafting_table":4,"minecraft:torch":2,"minecraft:grass":5,"minecraft:grass_block":7,"minecraft:coal_ore":22,"minecraft:dirt":36,"minecraft:spruce_leaves":4,"minecraft:stone":52,"minecraft:sugar_cane":4,"minecraft:wall_torch":1}},"DataVersion":3465}