{"stats":{"minecraft:custom":{"minecraft:mob_kills":58,"minecraft:interact_with_anvil":3,"minecraft:interact_with_crafting_table":15,"minecraft:open_barrel":13,"minecraft:leave_game":2,"minecraft:time_since_death":39932,"minecraft:climb_one_cm":416,"minecraft:damage_resisted":570,"minecraft:sprint_one_cm":227527,"minecraft:walk_one_cm":182030,"minecraft:damage_blocked_by_shield":210,"minecraft:drop":93,"minecraft:damage_dealt_absorbed":1360,"minecraft:talked_to_villager":5,"minecraft:play_time":121193,"minecraft:sneak_time":1576,"minecraft:deaths":5,"minecraft:walk_under_water_one_cm":55114,"minecraft:jump":930,"minecraft:interact_with_blast_furnace":2,"minecraft:walk_on_water_one_cm":11400,"minecraft:total_world_time":121193,"minecraft:interact_with_furnace":4,"minecraft:traded_with_villager":2,"minecraft:time_since_rest":39964,"minecraft:damage_taken":3038,"minecraft:damage_absorbed":1587,"minecraft:damage_dealt":9065,"minecraft:swim_one_cm":37373,"minecraft:fly_one_cm":144519,"minecraft:open_chest":7,"minecraft:crouch_one_cm":3195,"minecraft:aviate_one_cm":999680,"minecraft:fish_caught":12,"minecraft:fall_one_cm":36505},"minecraft:mined":{"minecraft:mossy_cobblestone":1,"minecraft:obsidian":1,"minecraft:nether_bricks":8,"gravestone:gravestone":4,"minecraft:grass_block":11,"minecraft:decorated_pot":1,"minecraft:spruce_leaves":9,"minecraft:nether_wart":20,"minecraft:spawner":1,"minecraft:magma_block":2,"minecraft:furnace":1,"minecraft:fire":1,"minecraft:deepslate_iron_ore":2,"minecraft:iron_bars":1,"minecraft:stone":52,"minecraft:cyan_terracotta":1,"minecraft:red_bed":1,"minecraft:soul_sand":10,"minecraft:crimson_nylium":2,"minecraft:crafting_table":7,"minecraft:torch":3,"minecraft:emerald_ore":1,"minecraft:nether_quartz_ore":49,"minecraft:cobblestone":6,"minecraft:sugar_cane":4,"minecraft:iron_door":1,"minecraft:wall_torch":1,"minecraft:birch_log":35,"minecraft:sweet_berry_bush":7,"minecraft:birch_leaves":6,"minecraft:grass":9,"minecraft:coal_ore":22,"minecraft:dirt":37,"minecraft:cobweb":5,"minecraft:netherrack":77,"minecraft:fern":1},"minecraft:killed":{"minecraft:spider":1,"minecraft:skeleton":4,"minecraft:chicken":4,"alexsmobs:laviathan":1,"minecraft:drowned":1,"minecraft:piglin":3,"minecraft:pig":4,"alexsmobs:seal":4,"minecraft:hoglin":2,"alexsmobs:crimson_mosquito":11,"minecraft:sheep":3,"minecraft:zombie":4,"alexsmobs:crow":1,"minecraft:wither_skeleton":2,"minecraft:blaze":4,"minecraft:cow":7},"minecraft:crafted":{"minecraft:birch_boat":1,"minecraft:furnace":1,"minecraft:cooked_mutton":5,"minecraft:quartz_block":12,"minecraft:stone_pickaxe":1,"minecraft:chest":1,"minecraft:emerald":2,"sophisticatedbackpacks:backpack":1,"minecraft:crafting_table":1,"minecraft:wooden_pickaxe":1,"minecraft:leather_helmet":1,"minecraft:bucket":1,"minecraft:birch_planks":76,"minecraft:stone_axe":1,"minecraft:shield":1,"minecraft:stick":12,"minecraft:iron_pickaxe":1,"minecraft:stone_sword":1,"minecraft:torch":4},"minecraft:dropped":{"minecraft:enchanted_book":18,"minecraft:mossy_cobblestone":1,"minecraft:bookshelf":64,"minecraft:copper_ingot":1,"minecraft:cyan_terracotta":1,"minecraft:crimson_roots":3,"gravestone:obituary":6,"minecraft:string":1,"minecraft:bone":2,"minecraft:anvil":68,"minecraft:kelp":3,"alexsmobs:shield_of_the_deep":1,"minecraft:obsidian":66,"minecraft:experience_bottle":1858,"minecraft:rotten_flesh":2,"minecraft:enchanted_golden_apple":128,"minecraft:flint_and_steel":1,"minecraft:shield":2,"minecraft:golden_leggings":2,"minecraft:iron_bars":1,"minecraft:arrow":1,"minecraft:bow":1,"minecraft:wooden_pickaxe":1,"minecraft:quartz":1,"minecraft:netherrack":5,"minecraft:enchanting_table":1},"minecraft:killed_by":{"minecraft:creeper":1,"minecraft:skeleton":1},"minecraft:picked_up":{"minecraft:crafting_table":7,"minecraft:chicken":4,"minecraft:nether_wart":20,"minecraft:anvil":68,"minecraft:enchanted_book":20,"gravestone:obituary":1,"minecraft:shield":2,"minecraft:string":3,"minecraft:red_bed":1,"minecraft:explorer_pottery_sherd":1,"minecraft:flint_and_steel":1,"minecraft:pufferfish":3,"minecraft:experience_bottle":791,"alexsmobs:shield_of_the_deep":1,"alexsmobs:blood_sac":5,"minecraft:red_sand":2,"minecraft:beef":12,"minecraft:enchanted_golden_apple":127,"minecraft:light_gray_wool":1,"minecraft:sugar_cane":12,"minecraft:birch_sapling":4,"minecraft:furnace":1,"minecraft:raw_iron":2,"minecraft:copper_ingot":1,"minecraft:torch":4,"minecraft:porkchop":10,"minecraft:howl_pottery_sherd":1,"minecraft:arrow":4,"minecraft:rotten_flesh":3,"minecraft:cyan_terracotta":1,"minecraft:bookshelf":64,"minecraft:mutton":5,"minecraft:obsidian":66,"minecraft:iron_bars":1,"minecraft:cod":3,"minecraft:cobblestone":56,"minecraft:birch_log":35,"minecraft:enchanting_table":1,"minecraft:feather":8,"minecraft:burn_pottery_sherd":1,"minecraft:salmon":6,"minecraft:golden_leggings":2,"minecraft:leather":10,"minecraft:dirt":47,"minecraft:bone":3,"minecraft:bow":2,"minecraft:kelp":3,"minecraft:wheat_seeds":1,"minecraft:arms_up_pottery_sherd":1,"minecraft:soul_sand":10,"minecraft:sweet_berries":32,"minecraft:quartz":49,"minecraft:mossy_cobblestone":1,"minecraft:crossbow":1,"minecraft:gray_wool":2,"minecraft:emerald":1,"minecraft:netherrack":5,"minecraft:coal":22,"minecraft:crimson_roots":3},"minecraft:used":{"minecraft:netherite_sword":115,"minecraft:stone_sword":47,"minecraft:flint_and_steel":1,"minecraft:shield":3,"minecraft:torch":7,"minecraft:dirt":35,"minecraft:anvil":4,"minecraft:obsidian":16,"minecraft:birch_sapling":4,"minecraft:quartz_block":12,"minecraft:netherite_boots":1,"minecraft:bow":2,"minecraft:beef":11,"minecraft:furnace":1,"minecraft:netherite_pickaxe":145,"minecraft:enchanted_golden_apple":18,"minecraft:cooked_mutton":5,"minecraft:water_bucket":2,"minecraft:birch_planks":37,"minecraft:stone_pickaxe":72,"minecraft:netherite_chestplate":2,"minecraft:birch_boat":1,"minecraft:wooden_pickaxe":14,"minecraft:netherite_leggings":2,"minecraft:crafting_table":7,"minecraft:netherite_helmet":2,"minecraft:cod":6,"minecraft:firework_rocket":70,"minecraft:iron_pickaxe":2,"minecraft:netherite_axe":28,"minecraft:leather_helmet":1,"minecraft:stone_axe":53,"minecraft:fishing_rod":21,"minecraft:porkchop":10,"minecraft:bucket":3,"alexsmobs:animal_dictionary":1,"minecraft:experience_bottle":1345}},"DataVersion":3465}