{"stats":{"minecraft:custom":{"minecraft:interact_with_furnace":4,"minecraft:mob_kills":28,"minecraft:traded_with_villager":2,"minecraft:interact_with_crafting_table":15,"minecraft:open_barrel":6,"minecraft:leave_game":2,"minecraft:time_since_death":3932,"minecraft:climb_one_cm":416,"minecraft:time_since_rest":3964,"minecraft:sprint_one_cm":174187,"minecraft:damage_taken":2246,"minecraft:walk_one_cm":113253,"minecraft:drop":19,"minecraft:damage_dealt":2909,"minecraft:swim_one_cm":25714,"minecraft:talked_to_villager":5,"minecraft:fly_one_cm":108593,"minecraft:crouch_one_cm":2803,"minecraft:play_time":85193,"minecraft:deaths":5,"minecraft:sneak_time":1447,"minecraft:walk_under_water_one_cm":10931,"minecraft:jump":610,"minecraft:walk_on_water_one_cm":8259,"minecraft:total_world_time":85193,"minecraft:fish_caught":12,"minecraft:fall_one_cm":22639},"minecraft:mined":{"minecraft:crafting_table":7,"minecraft:torch":3,"gravestone:gravestone":4,"minecraft:decorated_pot":1,"minecraft:emerald_ore":1,"minecraft:grass_block":11,"minecraft:cobblestone":6,"minecraft:spruce_leaves":7,"minecraft:sugar_cane":4,"minecraft:wall_torch":1,"minecraft:furnace":1,"minecraft:birch_log":35,"minecraft:sweet_berry_bush":7,"minecraft:birch_leaves":6,"minecraft:grass":9,"minecraft:coal_ore":22,"minecraft:deepslate_iron_ore":2,"minecraft:dirt":37,"minecraft:stone":52,"minecraft:fern":1},"minecraft:killed":{"minecraft:pig":4,"alexsmobs:seal":4,"minecraft:spider":1,"minecraft:sheep":3,"minecraft:zombie":4,"minecraft:chicken":4,"minecraft:cow":7},"minecraft:crafted":{"sophisticatedbackpacks:backpack":1,"minecraft:emerald":2,"minecraft:crafting_table":1,"minecraft:wooden_pickaxe":1,"minecraft:birch_boat":1,"minecraft:furnace":1,"minecraft:leather_helmet":1,"minecraft:bucket":1,"minecraft:birch_planks":76,"minecraft:stone_axe":1,"minecraft:cooked_mutton":5,"minecraft:shield":1,"minecraft:stick":12,"minecraft:iron_pickaxe":1,"minecraft:stone_pickaxe":1,"minecraft:stone_sword":1,"minecraft:chest":1,"minecraft:torch":4},"minecraft:dropped":{"minecraft:kelp":3,"alexsmobs:shield_of_the_deep":1,"minecraft:bookshelf":64,"minecraft:obsidian":65,"minecraft:rotten_flesh":2,"minecraft:flint_and_steel":1,"minecraft:shield":2,"gravestone:obituary":6,"minecraft:wooden_pickaxe":1,"minecraft:enchanting_table":1},"minecraft:killed_by":{"minecraft:skeleton":1,"minecraft:creeper":1},"minecraft:picked_up":{"minecraft:birch_log":35,"minecraft:enchanting_table":1,"minecraft:crafting_table":7,"minecraft:feather":8,"minecraft:chicken":4,"minecraft:burn_pottery_sherd":1,"minecraft:salmon":6,"minecraft:leather":10,"gravestone:obituary":1,"minecraft:shield":2,"minecraft:string":2,"minecraft:dirt":47,"minecraft:flint_and_steel":1,"minecraft:explorer_pottery_sherd":1,"minecraft:pufferfish":3,"minecraft:bone":1,"alexsmobs:shield_of_the_deep":1,"minecraft:kelp":3,"minecraft:bow":1,"minecraft:red_sand":2,"minecraft:wheat_seeds":1,"minecraft:beef":12,"minecraft:light_gray_wool":1,"minecraft:sugar_cane":12,"minecraft:arms_up_pottery_sherd":1,"minecraft:birch_sapling":4,"minecraft:furnace":1,"minecraft:raw_iron":2,"minecraft:sweet_berries":32,"minecraft:torch":4,"minecraft:porkchop":10,"minecraft:howl_pottery_sherd":1,"minecraft:arrow":2,"minecraft:rotten_flesh":3,"minecraft:bookshelf":64,"minecraft:gray_wool":2,"minecraft:emerald":1,"minecraft:obsidian":65,"minecraft:cod":3,"minecraft:mutton":5,"minecraft:coal":22,"minecraft:cobblestone":56},"minecraft:used":{"minecraft:cooked_mutton":5,"minecraft:water_bucket":2,"minecraft:stone_sword":47,"minecraft:birch_planks":37,"minecraft:stone_pickaxe":72,"minecraft:wooden_pickaxe":14,"minecraft:birch_boat":1,"minecraft:torch":7,"minecraft:dirt":35,"minecraft:crafting_table":7,"minecraft:cod":6,"minecraft:birch_sapling":4,"minecraft:iron_pickaxe":2,"minecraft:leather_helmet":1,"minecraft:stone_axe":53,"minecraft:fishing_rod":21,"minecraft:bow":2,"minecraft:beef":11,"minecraft:furnace":1,"minecraft:porkchop":10,"minecraft:bucket":3,"alexsmobs:animal_dictionary":1}},"DataVersion":3465}