{"stats":{"minecraft:dropped":{"minecraft:kelp":3},"minecraft:crafted":{"minecraft:crafting_table":1,"minecraft:stick":12,"minecraft:birch_boat":1,"minecraft:wooden_pickaxe":1,"minecraft:stone_pickaxe":1,"minecraft:stone_sword":1,"minecraft:torch":4,"minecraft:birch_planks":68,"minecraft:stone_axe":1},"minecraft:picked_up":{"minecraft:birch_log":33,"minecraft:crafting_table":4,"minecraft:feather":6,"minecraft:chicken":3,"minecraft:leather":6,"minecraft:torch":3,"minecraft:porkchop":10,"minecraft:dirt":42,"minecraft:bone":1,"minecraft:arrow":2,"minecraft:kelp":3,"minecraft:bow":1,"minecraft:beef":9,"minecraft:gray_wool":2,"minecraft:light_gray_wool":1,"minecraft:sugar_cane":12,"minecraft:birch_sapling":4,"minecraft:mutton":5,"minecraft:coal":22,"minecraft:cobblestone":50},"minecraft:custom":{"minecraft:time_since_rest":42565,"minecraft:sprint_one_cm":97382,"minecraft:damage_taken":289,"minecraft:walk_one_cm":53494,"minecraft:mob_kills":16,"minecraft:drop":3,"minecraft:damage_dealt":1365,"minecraft:talked_to_villager":3,"minecraft:swim_one_cm":5825,"minecraft:interact_with_crafting_table":5,"minecraft:fly_one_cm":31989,"minecraft:open_barrel":3,"minecraft:crouch_one_cm":2565,"minecraft:play_time":42565,"minecraft:sneak_time":1287,"minecraft:walk_under_water_one_cm":2787,"minecraft:jump":239,"minecraft:leave_game":1,"minecraft:time_since_death":42565,"minecraft:walk_on_water_one_cm":1352,"minecraft:climb_one_cm":165,"minecraft:total_world_time":42565,"minecraft:fall_one_cm":4993},"minecraft:used":{"minecraft:stone_sword":8,"minecraft:birch_planks":35,"minecraft:stone_pickaxe":60,"minecraft:birch_sapling":4,"minecraft:wooden_pickaxe":14,"minecraft:birch_boat":1,"minecraft:stone_axe":50,"minecraft:torch":3,"minecraft:dirt":35,"minecraft:beef":4,"minecraft:bow":2,"minecraft:crafting_table":4,"minecraft:porkchop":10,"alexsmobs:animal_dictionary":1},"minecraft:killed":{"minecraft:sheep":3,"minecraft:zombie":1,"minecraft:pig":4,"minecraft:chicken":3,"minecraft:cow":4},"minecraft:mined":{"minecraft:birch_log":33,"minecraft:birch_leaves":5,"minecraft:crafting_table":4,"minecraft:torch":2,"minecraft:grass":4,"minecraft:grass_block":6,"minecraft:coal_ore":22,"minecraft:dirt":36,"minecraft:stone":52,"minecraft:sugar_cane":4,"minecraft:wall_torch":1}},"DataVersion":3465}