{"stats":{"minecraft:custom":{"minecraft:mob_kills":50,"minecraft:interact_with_anvil":3,"minecraft:interact_with_crafting_table":15,"minecraft:open_barrel":6,"minecraft:leave_game":2,"minecraft:time_since_death":27932,"minecraft:climb_one_cm":416,"minecraft:damage_resisted":185,"minecraft:sprint_one_cm":193731,"minecraft:walk_one_cm":148231,"minecraft:damage_blocked_by_shield":90,"minecraft:drop":86,"minecraft:talked_to_villager":5,"minecraft:play_time":109193,"minecraft:sneak_time":1576,"minecraft:deaths":5,"minecraft:walk_under_water_one_cm":55114,"minecraft:jump":771,"minecraft:walk_on_water_one_cm":11400,"minecraft:total_world_time":109193,"minecraft:interact_with_furnace":4,"minecraft:traded_with_villager":2,"minecraft:time_since_rest":27964,"minecraft:damage_taken":2574,"minecraft:damage_absorbed":517,"minecraft:damage_dealt":6796,"minecraft:swim_one_cm":37373,"minecraft:fly_one_cm":125834,"minecraft:open_chest":6,"minecraft:crouch_one_cm":3195,"minecraft:aviate_one_cm":525079,"minecraft:fish_caught":12,"minecraft:fall_one_cm":28955},"minecraft:mined":{"minecraft:mossy_cobblestone":1,"minecraft:obsidian":1,"gravestone:gravestone":4,"minecraft:grass_block":11,"minecraft:decorated_pot":1,"minecraft:spruce_leaves":9,"minecraft:furnace":1,"minecraft:deepslate_iron_ore":2,"minecraft:stone":52,"minecraft:red_bed":1,"minecraft:crimson_nylium":2,"minecraft:crafting_table":7,"minecraft:torch":3,"minecraft:emerald_ore":1,"minecraft:nether_quartz_ore":35,"minecraft:cobblestone":6,"minecraft:sugar_cane":4,"minecraft:wall_torch":1,"minecraft:birch_log":35,"minecraft:sweet_berry_bush":7,"minecraft:birch_leaves":6,"minecraft:grass":9,"minecraft:coal_ore":22,"minecraft:dirt":37,"minecraft:netherrack":5,"minecraft:fern":1},"minecraft:killed":{"minecraft:spider":1,"minecraft:skeleton":3,"minecraft:chicken":4,"alexsmobs:laviathan":1,"minecraft:drowned":1,"minecraft:piglin":3,"minecraft:pig":4,"alexsmobs:seal":4,"minecraft:hoglin":2,"alexsmobs:crimson_mosquito":11,"minecraft:sheep":3,"minecraft:zombie":4,"alexsmobs:crow":1,"minecraft:cow":7},"minecraft:crafted":{"minecraft:birch_boat":1,"minecraft:furnace":1,"minecraft:cooked_mutton":5,"minecraft:stone_pickaxe":1,"minecraft:chest":1,"minecraft:emerald":2,"sophisticatedbackpacks:backpack":1,"minecraft:crafting_table":1,"minecraft:wooden_pickaxe":1,"minecraft:leather_helmet":1,"minecraft:bucket":1,"minecraft:birch_planks":76,"minecraft:stone_axe":1,"minecraft:shield":1,"minecraft:stick":12,"minecraft:iron_pickaxe":1,"minecraft:stone_sword":1,"minecraft:torch":4},"minecraft:dropped":{"minecraft:enchanted_book":18,"minecraft:bookshelf":64,"minecraft:crimson_roots":3,"gravestone:obituary":6,"minecraft:bone":2,"minecraft:anvil":68,"minecraft:kelp":3,"alexsmobs:shield_of_the_deep":1,"minecraft:obsidian":66,"minecraft:experience_bottle":1858,"minecraft:rotten_flesh":2,"minecraft:enchanted_golden_apple":128,"minecraft:flint_and_steel":1,"minecraft:shield":2,"minecraft:golden_leggings":1,"minecraft:arrow":1,"minecraft:bow":1,"minecraft:wooden_pickaxe":1,"minecraft:netherrack":5,"minecraft:enchanting_table":1},"minecraft:killed_by":{"minecraft:creeper":1,"minecraft:skeleton":1},"minecraft:picked_up":{"minecraft:crafting_table":7,"minecraft:chicken":4,"minecraft:anvil":68,"minecraft:enchanted_book":18,"gravestone:obituary":1,"minecraft:shield":2,"minecraft:string":2,"minecraft:red_bed":1,"minecraft:explorer_pottery_sherd":1,"minecraft:flint_and_steel":1,"minecraft:pufferfish":3,"minecraft:experience_bottle":791,"alexsmobs:shield_of_the_deep":1,"alexsmobs:blood_sac":5,"minecraft:red_sand":2,"minecraft:beef":12,"minecraft:enchanted_golden_apple":127,"minecraft:light_gray_wool":1,"minecraft:sugar_cane":12,"minecraft:birch_sapling":4,"minecraft:furnace":1,"minecraft:raw_iron":2,"minecraft:copper_ingot":1,"minecraft:torch":4,"minecraft:porkchop":10,"minecraft:howl_pottery_sherd":1,"minecraft:arrow":4,"minecraft:rotten_flesh":3,"minecraft:bookshelf":64,"minecraft:mutton":5,"minecraft:obsidian":66,"minecraft:cod":3,"minecraft:cobblestone":56,"minecraft:birch_log":35,"minecraft:enchanting_table":1,"minecraft:feather":8,"minecraft:burn_pottery_sherd":1,"minecraft:salmon":6,"minecraft:golden_leggings":2,"minecraft:leather":10,"minecraft:dirt":47,"minecraft:bone":3,"minecraft:bow":2,"minecraft:kelp":3,"minecraft:wheat_seeds":1,"minecraft:arms_up_pottery_sherd":1,"minecraft:sweet_berries":32,"minecraft:quartz":35,"minecraft:mossy_cobblestone":1,"minecraft:crossbow":1,"minecraft:gray_wool":2,"minecraft:emerald":1,"minecraft:netherrack":5,"minecraft:coal":22,"minecraft:crimson_roots":3},"minecraft:used":{"minecraft:netherite_sword":76,"minecraft:stone_sword":47,"minecraft:flint_and_steel":1,"minecraft:shield":1,"minecraft:torch":7,"minecraft:dirt":35,"minecraft:anvil":4,"minecraft:obsidian":16,"minecraft:birch_sapling":4,"minecraft:netherite_boots":1,"minecraft:bow":2,"minecraft:beef":11,"minecraft:furnace":1,"minecraft:netherite_pickaxe":44,"minecraft:enchanted_golden_apple":8,"minecraft:cooked_mutton":5,"minecraft:water_bucket":2,"minecraft:birch_planks":37,"minecraft:stone_pickaxe":72,"minecraft:netherite_chestplate":2,"minecraft:birch_boat":1,"minecraft:wooden_pickaxe":14,"minecraft:netherite_leggings":2,"minecraft:crafting_table":7,"minecraft:netherite_helmet":2,"minecraft:cod":6,"minecraft:firework_rocket":34,"minecraft:iron_pickaxe":2,"minecraft:netherite_axe":11,"minecraft:leather_helmet":1,"minecraft:stone_axe":53,"minecraft:fishing_rod":21,"minecraft:porkchop":10,"minecraft:bucket":3,"alexsmobs:animal_dictionary":1,"minecraft:experience_bottle":1345}},"DataVersion":3465}